name,start,end,size
ctor_003A6BE0,0x3a6be0,0x3a6c00,32
ctor_003A6C00,0x3a6c00,0x3a6ce0,224
ctor_003A6CE0,0x3a6ce0,0x3a6d10,48
ctor_003A6D10,0x3a6d10,0x3a6d50,64
ctor_003A6D50,0x3a6d50,0x3a6e10,192
ctor_003A6E10,0x3a6e10,0x3a6e80,112
ctor_003A6E80,0x3a6e80,0x3a6f10,144
ctor_003A6F10,0x3a6f10,0x3a6f70,96
ctor_003A6F70,0x3a6f70,0x3a6fa0,48
ctor_003A6FA0,0x3a6fa0,0x3a6fe0,64
ctor_003A6FE0,0x3a6fe0,0x3aa420,13376
ctor_003AA420,0x3aa420,0x3aa520,256
ctor_003AA520,0x3aa520,0x3aa560,64
ctor_003AA560,0x3aa560,0x3aa5b0,80
ctor_003AA5B0,0x3aa5b0,0x3ab740,4496
ctor_003AB740,0x3ab740,0x3ab840,256
ctor_003AB840,0x3ab840,0x3ab900,192
ctor_003AB900,0x3ab900,0x3ab950,80
ctor_003AB950,0x3ab950,0x3abac0,368
ctor_003ABAC0,0x3abac0,0x3abb10,80
ctor_003ABB10,0x3abb10,0x3abbc0,176
ctor_003ABBC0,0x3abbc0,0x3ac0d0,1296
ctor_003AC0D0,0x3ac0d0,0x3ac210,320
ctor_003AC210,0x3ac210,0x3ac650,1088
ctor_003AC650,0x3ac650,0x3ac660,16
ctor_003AC660,0x3ac660,0x3ac6e0,128
ctor_003AC6E0,0x3ac6e0,0x3ac6f0,16
ctor_003AC6F0,0x3ac6f0,0x3ac730,64
ctor_003AC730,0x3ac730,0x3ac770,64
ctor_003AC770,0x3ac770,0x3ac7c0,80
ctor_003AC7C0,0x3ac7c0,0x3ac800,64
ctor_003AC800,0x3ac800,0x3ac8a0,160
ctor_003AC8A0,0x3ac8a0,0x3ac8f0,80
ctor_003AC8F0,0x3ac8f0,0x3ac940,80
ctor_003AC940,0x3ac940,0x3acb20,480
ctor_003ACB20,0x3acb20,0x3acba0,128
ctor_003ACBA0,0x3acba0,0x3acbe0,64
ctor_003ACBE0,0x3acbe0,0x3acc30,80
ctor_003ACC30,0x3acc30,0x3ad030,1024
ctor_003AD030,0x3ad030,0x3ad0c0,144
ctor_003AD0C0,0x3ad0c0,0x3ad110,80
ctor_003AD110,0x3ad110,0x3ad120,16
ctor_003AD120,0x3ad120,0x3ad1a0,128
ctor_003AD1A0,0x3ad1a0,0x3ad340,416
ctor_003AD340,0x3ad340,0x3ad490,336
ctor_003AD490,0x3ad490,0x3ad7a0,784
ctor_003AD7A0,0x3ad7a0,0x3ad8a0,256
ctor_003AD8A0,0x3ad8a0,0x3ad8b0,16
ctor_003AD8B0,0x3ad8b0,0x3ad900,80
ctor_003AD900,0x3ad900,0x3ad950,80
ctor_003AD950,0x3ad950,0x3ad9e0,144
ctor_003AD9E0,0x3ad9e0,0x3b10c0,14048
ctor_003B10C0,0x3b10c0,0x3b11a0,224
ctor_003B11A0,0x3b11a0,0x3b12a0,256
ctor_003B12A0,0x3b12a0,0x3b1350,176
ctor_003B1350,0x3b1350,0x3b13a0,80
ctor_003B13A0,0x3b13a0,0x3b1420,128
ctor_003B1420,0x3b1420,0x3b1480,96
ctor_003B1480,0x3b1480,0x3b14d0,80
ctor_003B14D0,0x3b14d0,0x3b1510,64
ctor_003B1510,0x3b1510,0x3b15e0,208
ctor_003B15E0,0x3b15e0,0x3b1670,144
ctor_003B1670,0x3b1670,0x3b16c0,80
ctor_003B16C0,0x3b16c0,0x3b17c0,256
ctor_003B17C0,0x3b17c0,0x3b18c0,256
ctor_003B18C0,0x3b18c0,0x3b19f0,304
ctor_003B19F0,0x3b19f0,0x3b1a30,64
ctor_003B1A30,0x3b1a30,0x3b1a60,48
ctor_003B1A60,0x3b1a60,0x3b1aa0,64
ctor_003B1AA0,0x3b1aa0,0x3b1b40,160
ctor_003B1B40,0x3b1b40,0x3b1bd0,144
ctor_003B1BD0,0x3b1bd0,0x3b1bf0,32
ctor_003B1BF0,0x3b1bf0,0x3b1c70,128
ctor_003B1C70,0x3b1c70,0x3b1c80,16
ctor_003B1C80,0x3b1c80,0x3b1d20,160
ctor_003B1D20,0x3b1d20,0x3b28d0,2992
ctor_003B28D0,0x3b28d0,0x3b2a00,304
ctor_003B2A00,0x3b2a00,0x3b2a50,80
ctor_003B2A50,0x3b2a50,0x3b2ab0,96
ctor_003B2AB0,0x3b2ab0,0x3b2b60,176
ctor_003B2B60,0x3b2b60,0x3b2b80,32
ctor_003B2B80,0x3b2b80,0x3b2bb0,48
ctor_003B2BB0,0x3b2bb0,0x3b2c00,80
ctor_003B2C00,0x3b2c00,0x3b4e70,8816
ctor_003B4E70,0x3b4e70,0x3b4ec0,80
ctor_003B4EC0,0x3b4ec0,0x3b5100,576
ctor_003B5100,0x3b5100,0x3b5140,64
ctor_003B5140,0x3b5140,0x3b51a0,96
ctor_003B51A0,0x3b51a0,0x3b51e0,64
ctor_003B51E0,0x3b51e0,0x3b5220,64
ctor_003B5220,0x3b5220,0x3b5260,64
ctor_003B5260,0x3b5260,0x3b52f0,144
ctor_003B52F0,0x3b52f0,0x3b5330,64
ctor_003B5330,0x3b5330,0x3b5370,64
ctor_003B5370,0x3b5370,0x3b53b0,64
ctor_003B53B0,0x3b53b0,0x3b53f0,64
ctor_003B53F0,0x3b53f0,0x3b5450,96
ctor_003B5450,0x3b5450,0x3b5490,64
ctor_003B5490,0x3b5490,0x3b54d0,64
ctor_003B54D0,0x3b54d0,0x3b5560,144
ctor_003B5560,0x3b5560,0x3b55a0,64
ctor_003B55A0,0x3b55a0,0x3b55e0,64
ctor_003B55E0,0x3b55e0,0x3b5650,112
ctor_003B5650,0x3b5650,0x3b5690,64
ctor_003B5690,0x3b5690,0x3b56f0,96
ctor_003B56F0,0x3b56f0,0x3b5730,64
ctor_003B5730,0x3b5730,0x3b5770,64
ctor_003B5770,0x3b5770,0x3b57b0,64
ctor_003B57B0,0x3b57b0,0x3b57f0,64
ctor_003B57F0,0x3b57f0,0x3b5830,64
ctor_003B5830,0x3b5830,0x3b5a00,464
ctor_003B5A00,0x3b5a00,0x3b5a40,64
ctor_003B5A40,0x3b5a40,0x3b5b00,192
ctor_003B5B00,0x3b5b00,0x3b5b50,80
